zip_code,long,lat,total_ev,total_cs,total_non_ev,total_population,annual_income,house_valuation,actual,prediction,occ_rate,action
98001,47.30919,-122.26426,446,14,11116,34455,35620,361400,7,7,0.03139013452914798,Planning
98002,47.3082,-122.21567,160,12,4014,33947,28275,270300,7,7,0.075,Sales
98003,47.30596,-122.31465,298,17,14513,49445,30059,326900,7,6,0.05704697986577181,Planning
98004,47.61865,-122.20548,1953,251,37981,37265,99774,1445500,1,2,0.12852022529441884,Sales
98005,47.61494,-122.16814,810,119,16366,21414,75452,963600,3,3,0.1469135802469136,Sales
98006,47.55772,-122.14957,1800,19,25629,37473,69008,925200,1,3,0.010555555555555556,Planning
98007,47.61392,-122.14378,605,34,9572,28147,54729,664200,2,2,0.05619834710743802,Planning
98008,47.60551,-122.11219,940,12,8955,25650,63732,803100,1,3,0.01276595744680851,Planning
98010,47.31173,-122.00326,186,0,1235,5882,54896,507100,8,6,,Planning
98011,47.75736,-122.19871,684,43,80902,34201,47663,598200,4,3,0.06286549707602339,Sales
98012,47.84205,-122.19813,1772,4,27173,70009,47639,556800,3,3,0.002257336343115124,Planning
98014,47.69664,-121.84024,229,0,1544,7200,58563,607300,8,6,,Planning
98019,47.74083,-121.93494,368,0,2779,11841,56247,546300,8,6,,Planning
98020,47.80015,-122.37267,546,14,6176,19010,66367,667200,3,3,0.02564102564102564,Planning
98021,47.79257,-122.20846,1116,7,8646,33382,55780,610200,3,4,0.0062724014336917565,Planning
98022,47.1714,-121.67958,213,4,3705,21296,45726,389800,9,7,0.018779342723004695,Planning
98023,47.30881,-122.36198,503,2,12660,50176,35647,374100,6,5,0.003976143141153081,Planning
98024,47.57301,-121.90219,182,2,618,6635,59151,783200,8,5,0.01098901098901099,Planning
98026,47.83555,-122.3316,776,7,8955,38292,50397,528100,4,4,0.00902061855670103,Planning
98027,47.50387,-122.00176,1039,31,13278,30240,63623,729100,7,5,0.029836381135707413,Planning
98028,47.75162,-122.24892,661,4,9572,22953,56914,617000,3,3,0.006051437216338881,Planning
98029,47.5576,-122.0091,1135,24,9264,29956,70589,705800,2,3,0.021145374449339206,Planning
98030,47.36817,-122.19749,315,4,5249,37411,29912,367900,6,5,0.012698412698412698,Planning
98031,47.4055,-122.1943,501,2,9264,38163,33041,398900,5,5,0.003992015968063872,Planning
98032,47.3922,-122.25819,358,9,20997,38478,30669,335900,7,7,0.025139664804469275,Planning
98033,47.67616,-122.19267,2019,39,25012,39802,80189,930800,1,2,0.019316493313521546,Planning
98034,47.71612,-122.21332,1506,39,21924,45009,52343,613400,1,3,0.025896414342629483,Planning
98036,47.81094,-122.28155,645,21,13278,40784,39797,480000,5,4,0.03255813953488372,Planning
98037,47.83873,-122.28463,370,24,9264,29977,35570,468200,5,4,0.06486486486486487,Sales
98038,47.41861,-121.95589,772,9,10807,36157,46264,476000,8,6,0.011658031088082901,Planning
98039,47.63308,-122.23963,238,0,6793,3283,125333,2000001,1,3,,Planning
98040,47.56611,-122.232,1600,12,20380,25820,95368,1386300,1,2,0.0075,Planning
98042,47.36508,-122.11623,694,12,12043,49118,44170,413100,7,6,0.01729106628242075,Planning
98043,47.7921,-122.30758,268,9,2779,21328,39711,424700,5,5,0.033582089552238806,Planning
98045,47.48276,-121.65678,447,12,4941,15174,52834,542900,9,6,0.026845637583892617,Planning
98047,47.26079,-122.24822,43,0,2470,7012,26677,301800,7,7,,Planning
98050,47.54764,-121.93663,1,0,0,523,71594,602800,9,6,,Planning
98051,47.3396,-121.89049,57,0,1235,4386,40290,486300,9,7,,Planning
98052,47.68148,-122.1203,2805,82,39216,71940,66354,799600,2,3,0.02923351158645276,Planning
98053,47.66491,-122.02071,1128,2,6176,22911,77178,836200,6,5,0.0017730496453900709,Planning
98055,47.44775,-122.20205,332,21,9881,24077,37198,406400,5,4,0.06325301204819277,Sales
98056,47.51281,-122.18923,722,21,13895,36625,50903,558200,4,3,0.029085872576177285,Planning
98057,47.47188,-122.21961,351,41,11734,11534,40889,397500,5,6,0.1168091168091168,Sales
98058,47.44082,-122.12503,687,9,12660,43482,39504,433100,6,6,0.013100436681222707,Planning
98059,47.49563,-122.12474,1169,4,11116,40693,50115,600900,5,5,0.003421727972626176,Planning
98065,47.59234,-121.78931,495,12,4632,15896,58033,633000,8,6,0.024242424242424242,Planning
98068,47.45154,-121.35795,14,4,309,497,63389,506300,9,7,0.2857142857142857,Sales
98070,47.41219,-122.4726,470,2,7720,10400,51999,551400,8,6,0.00425531914893617,Planning
98072,47.76151,-122.13153,1626,29,11116,24865,62971,727600,4,4,0.01783517835178352,Planning
98074,47.62206,-122.04437,1539,7,11734,29349,73438,854400,2,3,0.004548408057179987,Planning
98075,47.58683,-122.03796,1283,12,13278,24435,74994,984500,2,3,0.009353078721745909,Planning
98077,47.75263,-122.05754,48,0,5867,14407,74887,850000,9,5,,Planning
98087,47.8624,-122.2664,531,4,14204,41594,36303,433600,4,4,0.007532956685499058,Planning
98092,47.28851,-122.13123,591,4,14513,48962,40607,408300,8,7,0.00676818950930626,Planning
98101,47.61119,-122.33454,423,82,28408,14380,86176,643300,1,2,0.1938534278959811,Sales
98102,47.63627,-122.32337,578,19,25012,25887,81654,796700,1,1,0.0328719723183391,Planning
98103,47.6732,-122.34258,1472,21,33040,54194,66220,785800,1,1,0.014266304347826086,Planning
98104,47.60044,-122.33004,603,85,12969,15155,53867,673300,1,1,0.14096185737976782,Sales
98105,47.66094,-122.28321,985,53,19762,52290,46609,989500,1,2,0.05380710659898477,Planning
98106,47.54339,-122.35366,457,14,8337,27997,40311,478700,4,4,0.030634573304157548,Planning
98107,47.66757,-122.37789,721,17,18836,28025,73797,756900,1,1,0.023578363384188627,Planning
98108,47.54113,-122.3126,426,21,5867,24034,35145,522900,5,5,0.04929577464788732,Planning
98109,47.63128,-122.34486,1093,158,33040,31011,84375,739900,1,1,0.1445562671546203,Sales
98110,47.64389,-122.54335,1203,7,21306,24859,66883,783600,6,4,0.005818786367414797,Planning
98112,47.63242,-122.28732,1092,4,18836,25694,100899,1063200,1,1,0.003663003663003663,Planning
98115,47.68547,-122.28234,1815,12,22233,55519,66166,831000,1,1,0.006611570247933884,Planning
98116,47.57399,-122.39503,730,2,19762,28705,70540,721700,1,1,0.0027397260273972603,Planning
98117,47.6882,-122.38157,1157,9,10807,36647,69807,778100,1,1,0.007778738115816767,Planning
98118,47.54235,-122.26872,958,7,15439,49702,43201,571500,1,3,0.007306889352818371,Planning
98119,47.63943,-122.36932,669,29,26555,26898,77713,918600,1,1,0.043348281016442454,Planning
98121,47.61548,-122.34668,522,214,25320,20534,94272,690900,1,1,0.4099616858237548,Sales
98122,47.60985,-122.29569,913,19,19762,41152,64120,721500,1,1,0.0208105147864184,Planning
98125,47.71706,-122.29969,930,36,12969,44030,47074,617600,1,3,0.03870967741935484,Planning
98126,47.54732,-122.37454,530,2,8646,22681,52339,589600,1,2,0.0037735849056603774,Planning
98133,47.7399,-122.34432,850,12,18527,49476,44104,548500,3,2,0.01411764705882353,Planning
98134,47.57691,-122.33686,137,48,1544,779,33071,397000,6,8,0.35036496350364965,Sales
98136,47.53686,-122.38992,541,7,9572,17083,68319,713300,1,1,0.012939001848428836,Planning
98144,47.58582,-122.29205,835,9,14204,33175,60209,706200,1,1,0.010778443113772455,Planning
98146,47.50008,-122.35768,418,2,6793,27622,37947,460000,4,4,0.004784688995215311,Planning
98148,47.44494,-122.32587,618,7,2779,11514,36668,401800,1,5,0.011326860841423949,Planning
98154,47.60621,-122.33379,0,0,0,0,0,0,10,10,,Planning
98155,47.75609,-122.30039,834,4,12660,35420,48252,590100,3,3,0.004796163069544364,Planning
98158,47.45043,-122.30805,1,0,0,0,0,0,9,10,,Planning
98164,47.60596,-122.33203,1,17,0,200,130056,657800,1,4,17.0,Sales
98166,47.45256,-122.34978,404,4,4941,21772,51304,572100,5,4,0.009900990099009901,Planning
98168,47.48898,-122.30175,331,4,21924,33217,29620,353900,6,6,0.012084592145015106,Planning
98174,47.60477,-122.33528,0,0,0,0,0,0,10,10,,Planning
98177,47.74237,-122.37085,752,0,6176,20422,66503,769600,2,3,,Planning
98178,47.49921,-122.24735,363,0,8028,26507,41777,444600,5,4,,Planning
98188,47.44754,-122.27398,294,68,6793,25292,34505,320400,6,6,0.23129251700680273,Sales
98195,47.65466,-122.30752,0,7,309,51,0,0,10,10,inf,Sales
98198,47.39469,-122.31111,323,17,9881,38699,35144,371200,6,5,0.05263157894736842,Planning
98199,47.65139,-122.40223,841,2,17910,23444,76110,889700,1,2,0.0023781212841854932,Planning
98201,47.99373,-122.18563,254,21,5867,30645,34624,347000,6,6,0.08267716535433071,Sales
98203,47.94236,-122.23651,330,7,10190,35901,37589,385800,7,5,0.021212121212121213,Planning
98204,47.90105,-122.2586,201,12,14513,44152,27751,279900,7,6,0.05970149253731343,Planning
98205,48.0,-122.13,0,0,0,15784,36959,386100,10,7,,Planning
98207,47.98793,-122.2229,0,7,309,1435,30052,0,10,8,inf,Sales
98208,47.90072,-122.18852,638,7,17601,58211,38008,430500,6,5,0.0109717868338558,Planning
98220,48.68526,-122.19678,6,0,309,839,30359,349500,9,9,,Planning
98221,48.50401,-122.65435,453,31,12351,22290,44908,463800,8,6,0.0684326710816777,Sales
98222,48.56085,-122.80263,0,0,0,89,66631,605800,10,6,,Planning
98223,48.20994,-121.95081,357,14,13278,46027,39163,384600,9,8,0.0392156862745098,Planning
98224,47.7357,-121.56859,3,0,309,243,32316,401600,9,8,,Planning
98225,48.75461,-122.50307,666,34,13895,51606,30897,419400,5,5,0.05105105105105105,Planning
98226,48.80064,-122.42299,582,26,14204,45380,35045,384000,8,8,0.044673539518900345,Planning
98229,48.69615,-122.40979,656,4,12351,33548,37985,390900,8,7,0.006097560975609756,Planning
98230,48.95688,-122.7084,269,9,11116,17910,37448,306500,8,8,0.03345724907063197,Planning
98232,48.56531,-122.41498,74,0,309,4259,46984,461800,9,7,,Planning
98233,48.50309,-122.35102,96,9,3088,16324,32481,310700,9,8,0.09375,Sales
98235,48.4602,-122.22846,2,0,0,54,25889,185900,5,9,,Planning
98236,47.95804,-122.40468,153,0,1853,6140,43991,475400,8,7,,Planning
98237,48.53272,-121.69748,22,2,309,4762,29153,255500,9,9,0.09090909090909091,Sales
98238,48.33563,-122.34444,0,0,309,40,0,0,10,10,,Planning
98239,48.18926,-122.65756,147,4,7411,7679,40130,413000,8,7,0.027210884353741496,Planning
98240,48.94711,-122.62061,22,2,1235,2934,37827,340600,9,8,0.09090909090909091,Sales
98241,48.21425,-121.33219,8,2,309,1941,27373,250400,9,9,0.25,Sales
98243,48.61512,-122.99882,1,0,926,548,39824,931000,9,6,,Planning
98244,48.79423,-121.93557,24,0,926,3483,27376,326900,9,9,,Planning
98245,48.66241,-122.91616,233,4,6176,3767,47955,488900,8,7,0.017167381974248927,Planning
98247,48.90459,-122.31732,58,2,2161,9105,26408,326500,9,9,0.034482758620689655,Planning
98248,48.86494,-122.62211,231,2,4632,26552,31368,378300,9,8,0.008658008658008658,Planning
98249,48.01888,-122.53947,130,2,3088,4458,54443,423400,8,7,0.015384615384615385,Planning
98250,48.55264,-123.09631,329,14,12043,8318,52817,527400,8,7,0.0425531914893617,Planning
98251,47.89812,-121.55752,39,0,926,4084,35438,249100,9,9,,Planning
98252,48.06173,-121.70939,94,4,1544,9993,36940,352700,9,8,0.0425531914893617,Planning
98253,48.079,-122.57568,40,0,926,1726,42461,545000,9,6,,Planning
98255,48.52353,-121.99203,0,0,0,182,19185,172200,10,10,,Planning
98256,47.82883,-121.41464,0,0,0,369,30121,263900,10,9,,Planning
98257,48.415,-122.50879,57,2,926,4430,41485,345000,9,8,0.03508771929824561,Planning
98258,48.03252,-122.07762,746,4,10190,33545,37009,398800,7,7,0.005361930294906166,Planning
98260,48.03074,-122.45106,184,7,6176,6024,46990,470100,8,7,0.03804347826086957,Planning
98261,48.48381,-122.88302,89,4,618,2808,42841,514300,9,7,0.0449438202247191,Planning
98262,48.69317,-122.66406,32,0,618,955,51172,467400,9,7,,Planning
98263,48.52281,-122.0657,1,0,0,49,43159,206300,8,9,,Planning
98264,48.94972,-122.45672,128,2,4941,21337,32390,363000,9,8,0.015625,Planning
98266,48.9576,-122.06189,17,0,309,4014,15918,169700,9,10,,Planning
98267,48.43756,-121.30841,2,0,0,262,17093,111400,9,10,,Planning
98270,48.05952,-122.1443,448,0,10807,52307,34906,358400,7,6,,Planning
98271,48.09373,-122.23559,223,14,10499,28473,38363,352000,8,8,0.06278026905829596,Sales
98272,47.85834,-121.88457,436,9,4323,30801,35153,418700,9,8,0.020642201834862386,Planning
98273,48.40522,-122.36841,223,26,8337,31725,28874,313900,9,8,0.11659192825112108,Sales
98274,48.36013,-122.14346,196,0,4323,18346,38656,363900,9,8,,Planning
98275,47.90994,-122.30113,480,7,9264,21432,52980,624900,5,4,0.014583333333333334,Planning
98276,48.92765,-122.32096,3,0,0,713,25993,296900,8,8,,Planning
98277,48.31688,-122.63152,308,2,34275,38844,31514,316200,8,8,0.006493506493506494,Planning
98278,48.34388,-122.66491,0,2,309,2243,25641,0,10,10,inf,Sales
98279,48.64474,-122.80602,39,2,309,693,43200,630800,9,6,0.05128205128205128,Planning
98280,48.60866,-122.90554,0,0,618,384,41971,743600,10,6,,Planning
98281,48.98817,-123.05767,42,0,1235,1100,52537,264800,8,8,,Planning
98282,48.18719,-122.46966,319,2,8028,17073,47143,415400,8,7,0.006269592476489028,Planning
98283,48.80137,-121.29997,1,4,309,350,28092,311100,9,9,4.0,Sales
98284,48.55211,-122.11763,138,0,3397,26268,31978,287200,9,9,,Planning
98286,48.57262,-122.95712,12,0,0,181,63020,765000,9,6,,Planning
98288,47.65204,-121.3574,3,4,0,225,38941,276700,9,9,1.3333333333333333,Sales
98290,47.95141,-121.98421,604,12,8337,37077,45197,495900,8,7,0.019867549668874173,Planning
98292,48.22455,-122.3032,265,2,2161,23063,42170,411400,9,7,0.007547169811320755,Planning
98294,47.84431,-121.75822,86,2,1544,7310,31609,280000,9,9,0.023255813953488372,Planning
98295,48.97163,-122.2213,10,0,926,2884,26389,241700,9,9,,Planning
98296,47.84266,-122.10199,679,4,4323,30781,52416,588300,7,6,0.005891016200294551,Planning
98297,48.7005,-123.02834,2,0,0,66,24906,321400,9,9,,Planning
98303,47.15783,-122.70387,25,0,618,1571,40050,382600,9,8,,Planning
98304,46.87036,-121.73985,6,7,309,1029,25609,179500,9,10,1.1666666666666667,Sales
98305,48.03148,-124.22934,1,0,0,349,21756,189100,9,10,,Planning
98310,47.58939,-122.6175,160,4,10807,20431,31882,285100,7,6,0.025,Planning
98311,47.62829,-122.63793,213,2,11425,28042,34501,296400,7,6,0.009389671361502348,Planning
98312,47.56435,-122.75706,374,12,23159,30437,34277,293100,8,8,0.03208556149732621,Planning
98314,47.56243,-122.63893,2,4,0,3270,27787,0,9,9,2.0,Sales
98315,47.72263,-122.71444,15,19,9264,6825,22924,0,9,10,1.2666666666666666,Sales
98320,47.69861,-123.01742,14,0,926,1357,29506,238900,9,9,,Planning
98321,47.15564,-122.06576,142,0,2779,15976,43753,384900,9,7,,Planning
98323,46.98059,-122.006,4,0,0,757,38280,278200,9,9,,Planning
98325,47.96093,-122.77911,21,2,926,1321,27400,220400,9,10,0.09523809523809523,Sales
98326,48.17364,-124.45278,1,0,309,840,23341,172000,9,10,,Planning
98327,47.10203,-122.66061,119,4,8337,9514,46678,343400,7,7,0.03361344537815126,Planning
98328,46.86055,-122.17227,76,0,2161,10763,37249,345900,9,8,,Planning
98329,47.37731,-122.72523,150,0,6176,11063,39684,328600,8,8,,Planning
98330,46.75874,-122.15894,0,0,0,92,0,0,10,10,,Planning
98331,47.77292,-124.1273,14,14,926,6228,24446,171500,9,10,1.0,Sales
98332,47.36514,-122.59858,466,2,12043,18940,58131,494900,7,6,0.004291845493562232,Planning
98333,47.24771,-122.62561,133,0,2470,3613,62108,716700,7,5,,Planning
98335,47.29909,-122.61911,619,14,18836,27098,54714,527300,7,5,0.022617124394184167,Planning
98336,46.56382,-122.10939,1,0,309,824,23218,172900,9,10,,Planning
98337,47.56345,-122.63405,45,17,3705,7223,33678,248800,6,5,0.37777777777777777,Sales
98338,47.01927,-122.28347,195,0,2779,28999,34918,319300,9,8,,Planning
98339,48.02991,-122.74364,33,2,1235,3277,29506,292000,8,8,0.06060606060606061,Sales
98340,47.90622,-122.56406,39,0,1235,3421,52252,330300,9,7,,Planning
98342,47.75475,-122.51952,36,0,309,1276,42509,471900,8,7,,Planning
98345,47.69972,-122.62366,7,0,309,339,41433,513900,8,6,,Planning
98346,47.82005,-122.53399,176,9,3705,9273,46140,432700,8,7,0.05113636363636364,Planning
98349,47.26583,-122.77366,63,0,2161,5090,33668,256600,9,9,,Planning
98350,47.90683,-124.62509,0,0,0,520,18340,56600,10,10,,Planning
98351,47.20353,-122.76773,13,0,1235,1619,34416,439400,9,8,,Planning
98353,47.53885,-122.49294,0,0,309,18,0,0,10,10,,Planning
98354,47.25113,-122.31557,45,0,2470,7551,36200,339000,7,6,,Planning
98355,46.69179,-122.03978,5,0,618,846,25035,0,9,10,,Planning
98356,46.57943,-122.26913,10,2,0,2016,20491,169700,9,10,0.2,Sales
98357,48.33188,-124.62816,5,7,618,1638,21286,103300,9,10,1.4,Sales
98358,48.05796,-122.70008,39,2,1235,943,43149,560800,9,6,0.05128205128205128,Planning
98359,47.43047,-122.57631,65,0,926,5065,37359,417000,9,7,,Planning
98360,47.03246,-122.1575,95,0,3088,14084,36703,316800,9,8,,Planning
98361,46.62786,-121.56385,10,0,0,696,28521,170900,9,10,,Planning
98362,48.01639,-123.31951,191,17,10499,24997,30337,252600,9,9,0.08900523560209424,Sales
98363,48.03477,-123.76952,97,9,5867,14295,30303,252000,9,9,0.09278350515463918,Sales
98364,47.85455,-122.58638,0,0,0,82,48554,0,10,10,,Planning
98365,47.89545,-122.70271,86,0,5558,4816,47617,436000,9,7,,Planning
98366,47.53732,-122.58647,284,12,13587,35523,34620,316000,8,7,0.04225352112676056,Planning
98367,47.46141,-122.67662,349,2,10499,30447,38866,353900,9,8,0.0057306590257879654,Planning
98368,48.03879,-122.84406,442,21,8955,16070,38934,366000,8,7,0.04751131221719457,Planning
98370,47.75114,-122.62373,484,21,17292,32044,42643,404700,8,7,0.04338842975206612,Planning
98371,47.19957,-122.32191,230,19,9264,21764,39767,337700,7,7,0.08260869565217391,Sales
98372,47.2064,-122.26689,220,7,6484,26823,38380,376800,7,6,0.031818181818181815,Planning
98373,47.14761,-122.32506,166,7,26247,27196,36847,356900,7,5,0.04216867469879518,Planning
98374,47.12904,-122.26156,380,12,15439,44293,37478,340400,7,6,0.031578947368421054,Planning
98375,47.10394,-122.32383,205,2,9264,32349,30458,314100,7,6,0.00975609756097561,Planning
98376,47.8455,-122.85916,35,0,309,2176,35623,302300,9,8,,Planning
98377,46.50586,-121.81912,3,0,1235,1845,22963,163000,9,10,,Planning
98380,47.5743,-122.90287,58,0,618,4296,37253,427600,9,8,,Planning
98381,48.28863,-124.45681,2,0,0,266,34264,233300,9,9,,Planning
98382,48.0131,-123.07437,411,17,20380,29214,36327,318700,9,8,0.0413625304136253,Planning
98383,47.66212,-122.71652,211,24,18836,22825,44396,401900,8,6,0.11374407582938388,Sales
98385,47.13791,-122.09469,2,0,0,362,36973,303100,9,8,,Planning
98387,47.0562,-122.39111,234,0,9881,51305,30912,278800,8,8,,Planning
98388,47.19892,-122.66268,112,2,4941,6682,37879,394500,8,7,0.017857142857142856,Planning
98390,47.21195,-122.22894,82,2,5558,11155,36993,350900,8,7,0.024390243902439025,Planning
98391,47.17654,-122.17362,766,2,13587,52686,44313,384600,7,7,0.0026109660574412533,Planning
98392,47.73425,-122.5631,47,2,309,3059,37103,297100,7,7,0.0425531914893617,Planning
98394,47.32011,-122.77791,18,0,1544,1331,51397,374000,9,7,,Planning
98396,47.10669,-122.01052,3,0,0,749,41057,297100,9,8,,Planning
98402,47.25021,-122.44056,84,41,6176,6920,40289,412100,4,3,0.4880952380952381,Sales
98403,47.26581,-122.45921,116,14,4941,8169,43146,480900,3,3,0.1206896551724138,Sales
98404,47.20927,-122.41139,183,4,4014,36749,24766,251300,7,7,0.02185792349726776,Planning
98405,47.24599,-122.47222,177,14,6176,23671,31566,300500,6,5,0.07909604519774012,Sales
98406,47.26283,-122.50857,270,7,7411,23052,45978,380800,5,4,0.025925925925925925,Planning
98407,47.28889,-122.5111,387,12,9572,21316,51427,413300,5,5,0.031007751937984496,Planning
98408,47.19811,-122.44638,104,4,3397,20670,29821,247200,7,6,0.038461538461538464,Planning
98409,47.21084,-122.48197,162,51,12660,27918,28717,253100,7,6,0.3148148148148148,Sales
98416,47.26271,-122.48196,0,0,0,973,20151,0,10,9,,Planning
98418,47.22325,-122.44642,62,4,2779,9644,31966,246200,6,5,0.06451612903225806,Sales
98421,47.25819,-122.40107,6,26,618,1346,28880,0,9,10,4.333333333333333,Sales
98422,47.28907,-122.39123,353,4,5867,21732,43053,426400,5,5,0.0113314447592068,Planning
98424,47.2343,-122.3523,75,4,3397,11524,33472,334500,8,7,0.05333333333333334,Planning
98430,47.11733,-122.56896,0,0,0,0,0,0,10,10,,Planning
98433,47.09121,-122.60772,41,2,20997,20137,18387,278500,9,8,0.04878048780487805,Planning
98438,47.13514,-122.49211,4,0,926,610,25206,0,9,10,,Planning
98439,47.13164,-122.49603,11,0,7720,5260,19808,0,9,10,,Planning
98443,47.20522,-122.37592,46,0,618,5335,43541,348900,8,7,,Planning
98444,47.15228,-122.44887,112,4,8955,35604,23776,235900,7,6,0.03571428571428571,Planning
98445,47.13985,-122.40965,151,0,8028,31973,30262,276400,8,7,,Planning
98446,47.12935,-122.37424,78,2,4014,11945,35594,331400,8,8,0.02564102564102564,Planning
98447,47.14531,-122.44392,0,7,0,744,7668,0,10,10,inf,Sales
98465,47.24868,-122.53043,72,2,2161,6656,43560,378100,6,5,0.027777777777777776,Planning
98466,47.22842,-122.53479,350,0,9264,29401,41049,380600,5,4,,Planning
98467,47.2038,-122.5447,207,2,5249,15381,38669,389900,6,5,0.00966183574879227,Planning
98498,47.16001,-122.55971,229,7,11734,28764,35619,329000,7,6,0.03056768558951965,Planning
98499,47.16662,-122.50624,150,9,10190,32174,27500,280500,7,7,0.06,Planning
98501,46.9783,-122.86989,1164,58,15130,43584,37728,353300,6,7,0.04982817869415808,Planning
98502,47.08466,-123.02958,618,26,16366,35307,37967,386500,8,7,0.042071197411003236,Planning
98503,47.02528,-122.799,368,17,8955,42119,31904,271100,6,7,0.04619565217391304,Planning
98506,47.10286,-122.87307,353,0,5249,18404,42304,343800,8,7,,Planning
98512,46.95326,-123.04259,378,7,8028,30833,39300,323800,9,8,0.018518518518518517,Planning
98513,46.99074,-122.73298,363,2,11116,36473,37916,290600,8,8,0.005509641873278237,Planning
98516,47.09647,-122.78265,410,14,13278,25332,39444,364900,8,7,0.03414634146341464,Planning
98520,46.99478,-123.81054,91,4,3397,24936,24473,166700,9,10,0.04395604395604396,Planning
98524,47.36703,-122.84548,51,0,1544,4220,36853,354500,9,8,,Planning
98526,47.47749,-123.99227,2,0,0,198,23163,141700,9,10,,Planning
98527,46.58917,-123.90939,1,0,309,227,25036,116700,9,10,,Planning
98528,47.44605,-122.89618,98,4,3088,12812,29950,248900,9,9,0.04081632653061224,Planning
98530,46.80519,-122.86804,1,0,0,608,18724,142300,9,10,,Planning
98531,46.73646,-122.91364,143,14,6176,26212,25495,193700,9,10,0.0979020979020979,Sales
98532,46.63628,-123.03444,144,2,9572,25534,29359,274900,9,9,0.013888888888888888,Planning
98533,46.67304,-122.43115,2,0,309,451,29729,198600,9,10,,Planning
98535,47.0994,-124.11973,1,0,0,614,24290,0,9,10,,Planning
98536,47.18939,-124.111,2,0,0,61,25179,0,9,10,,Planning
98537,46.81719,-123.59768,8,0,0,2487,27892,195800,9,10,,Planning
98538,46.47422,-123.15884,4,0,309,378,24661,293800,9,9,,Planning
98541,47.06877,-123.40459,38,2,3088,10858,26674,197000,9,10,0.05263157894736842,Planning
98542,46.5293,-122.73155,5,0,618,1080,18041,316700,9,9,,Planning
98544,46.73912,-123.02712,0,0,0,80,16828,0,10,10,,Planning
98546,47.32439,-122.92362,45,0,1544,3225,39908,323300,9,8,,Planning
98547,46.78622,-124.01956,6,0,618,1420,28742,159500,9,10,,Planning
98548,47.47064,-123.29273,31,0,1235,1989,29897,218500,9,10,,Planning
98550,47.14081,-123.90122,42,0,1853,11307,27193,149700,9,10,,Planning
98552,47.3136,-123.9444,0,0,0,526,26992,110300,10,10,,Planning
98555,47.54634,-123.06369,4,0,309,243,43202,134700,9,10,,Planning
98557,47.04332,-123.2681,22,0,0,3384,25532,215400,9,10,,Planning
98558,46.93579,-122.55998,0,0,309,64,36367,0,10,9,,Planning
98559,46.95884,-123.32749,0,0,0,0,0,0,10,10,,Planning
98560,47.30577,-123.43948,1,0,0,104,55618,275900,9,8,,Planning
98562,47.23877,-124.20336,3,4,0,49,0,0,9,10,1.3333333333333333,Sales
98563,47.2064,-123.60824,51,0,1853,7691,35005,215300,9,10,,Planning
98564,46.45666,-122.43627,17,2,618,2394,29033,188800,9,10,0.11764705882352941,Sales
98565,46.57838,-122.90693,0,0,0,807,21953,213800,10,10,,Planning
98568,46.86467,-123.30235,12,0,0,2492,29860,241400,9,9,,Planning
98569,47.00206,-124.15479,87,2,4941,6444,28269,250800,8,9,0.022988505747126436,Planning
98570,46.63556,-122.63534,15,0,309,4189,27244,243900,9,9,,Planning
98571,47.20356,-124.19532,15,2,0,214,15286,0,9,10,0.13333333333333333,Sales
98572,46.55256,-123.32429,1,0,0,925,25434,148800,9,10,,Planning
98575,47.43607,-123.79848,1,2,0,122,26913,166700,9,10,2.0,Sales
98576,46.84417,-122.64687,36,0,309,5196,30344,285800,9,9,,Planning
98577,46.6418,-123.60031,29,0,926,7235,27325,163000,9,10,,Planning
98579,46.79406,-123.11952,74,2,618,12845,31795,276000,9,9,0.02702702702702703,Planning
98580,46.9918,-122.50101,89,0,2470,11495,38015,302700,9,8,,Planning
98581,46.35875,-123.06865,1,0,0,424,23605,141000,9,10,,Planning
98582,46.51686,-122.62693,3,0,0,94,36582,373700,9,8,,Planning
98583,47.00122,-123.4875,2,0,0,97,23175,271400,7,9,,Planning
98584,47.24608,-123.16209,255,4,10499,37698,28294,234500,9,9,0.01568627450980392,Planning
98585,46.55436,-122.5022,7,0,618,630,33033,290200,9,9,,Planning
98586,46.55909,-123.8391,3,0,926,1763,24328,145400,9,10,,Planning
98587,47.32039,-124.1562,2,0,309,784,17065,85400,9,10,,Planning
98588,47.43555,-123.02261,18,0,1235,1489,45785,257900,9,9,,Planning
98589,46.84133,-122.82087,64,0,926,6955,31934,278200,9,9,,Planning
98590,46.71882,-124.00272,7,2,309,491,36573,0,9,10,0.2857142857142857,Sales
98591,46.44224,-122.74671,24,0,0,3411,33110,274900,9,9,,Planning
98592,47.32895,-123.07907,30,2,1853,1740,30606,279300,9,9,0.06666666666666667,Sales
98593,46.40767,-123.00807,5,0,0,1232,20100,168200,9,10,,Planning
98595,46.88302,-124.1088,14,2,1544,2716,29566,197800,9,9,0.14285714285714285,Sales
98596,46.49556,-122.95364,42,0,3397,7579,36030,226300,9,9,,Planning
98597,46.85241,-122.49212,188,2,4323,24968,30721,268000,9,9,0.010638297872340425,Planning
98601,45.93439,-122.43857,14,0,618,3266,29363,340300,9,9,,Planning
98602,45.8693,-121.27966,0,0,0,120,20339,425000,10,9,,Planning
98603,46.04223,-122.42001,10,0,309,961,29947,269700,9,9,,Planning
98604,45.80013,-122.5054,344,0,9264,37333,35523,386500,8,8,,Planning
98605,45.77846,-121.6393,3,2,309,1089,30271,242800,9,9,0.6666666666666666,Sales
98606,45.72921,-122.45615,194,0,2161,9203,45381,471200,8,7,,Planning
98607,45.64395,-122.38242,984,4,22850,32897,47370,454000,7,6,0.0040650406504065045,Planning
98610,45.77765,-122.01401,15,2,0,3199,25395,253700,9,10,0.13333333333333333,Sales
98611,46.30642,-122.90479,49,2,2470,8803,28287,253100,9,9,0.04081632653061224,Planning
98612,46.23462,-123.31194,29,4,1544,3201,28920,238800,9,9,0.13793103448275862,Sales
98613,45.7542,-120.97235,1,0,0,407,30734,238800,9,9,,Planning
98614,46.29459,-123.9034,2,0,0,142,31770,0,9,10,,Planning
98616,46.06227,-122.14599,2,2,0,103,31398,335700,9,9,1.0,Sales
98617,45.64283,-121.14229,5,0,0,1138,30729,201200,9,10,,Planning
98619,45.97693,-121.26568,2,0,309,613,33026,252300,9,9,,Planning
98620,45.87096,-120.77846,26,4,1544,7670,26674,170700,9,10,0.15384615384615385,Sales
98621,46.4006,-123.54428,1,0,0,309,38091,196000,9,9,,Planning
98624,46.3578,-123.94094,8,0,618,1889,30504,238900,9,9,,Planning
98625,46.10871,-122.56093,77,2,926,6516,43424,308300,9,8,0.025974025974025976,Planning
98626,46.15317,-122.78564,103,4,4323,25366,28680,236800,9,9,0.038834951456310676,Planning
98628,45.85015,-121.09887,0,0,309,285,22344,163600,10,10,,Planning
98629,45.88109,-122.6148,122,0,3397,8761,38238,395400,9,8,,Planning
98631,46.37988,-124.02241,23,4,1235,3055,27798,242100,9,9,0.17391304347826086,Sales
98632,46.21223,-123.06855,215,7,12043,52489,29443,224300,9,9,0.03255813953488372,Planning
98635,45.74364,-121.20915,15,0,618,1586,28339,370400,9,8,,Planning
98638,46.4047,-123.73588,13,0,309,1489,27433,188700,9,10,,Planning
98639,45.64364,-121.96288,7,0,0,855,35424,303500,9,9,,Planning
98640,46.5429,-124.04938,49,0,926,4774,31014,200400,9,10,,Planning
98641,46.56484,-124.03932,1,0,0,22,0,0,7,10,,Planning
98642,45.80262,-122.7019,541,31,6484,20920,42545,443600,8,7,0.05730129390018484,Planning
98643,46.30326,-123.62117,1,0,0,355,32468,234500,9,9,,Planning
98644,46.32861,-124.04009,7,2,0,481,25103,181300,8,10,0.2857142857142857,Sales
98645,46.32509,-122.77993,19,0,0,1962,30983,325800,9,9,,Planning
98647,46.32137,-123.4354,3,0,0,256,16563,0,9,10,,Planning
98648,45.70563,-121.9489,42,2,926,3207,30052,328100,9,9,0.047619047619047616,Planning
98649,46.31504,-122.53415,3,0,0,860,25594,273300,9,10,,Planning
98650,45.97117,-121.52732,14,0,0,1144,32666,536100,9,8,,Planning
98651,45.73419,-121.58718,20,0,0,1031,57718,497000,9,7,,Planning
98660,45.6866,-122.73152,197,17,11116,12305,35430,320500,8,7,0.08629441624365482,Sales
98661,45.63935,-122.62586,392,14,83372,48485,34016,305300,6,5,0.03571428571428571,Planning
98662,45.68911,-122.57742,315,29,12351,33798,31716,303400,7,7,0.09206349206349207,Sales
98663,45.65449,-122.66228,165,12,3397,15406,32663,297900,6,6,0.07272727272727272,Sales
98664,45.61966,-122.57738,254,4,8955,23601,34096,317500,6,6,0.015748031496062992,Planning
98665,45.68155,-122.65417,287,2,9572,27260,33641,324600,6,6,0.006968641114982578,Planning
98670,45.86372,-121.14599,2,0,0,37,20081,279200,9,10,,Planning
98671,45.61143,-122.24955,375,2,10807,23116,42644,378300,9,7,0.005333333333333333,Planning
98672,45.81269,-121.47393,101,0,2161,7256,36807,379600,9,8,,Planning
98673,45.67367,-120.98129,0,0,0,544,18985,144600,10,10,,Planning
98674,45.94672,-122.65568,110,2,2470,14869,30634,357000,9,9,0.01818181818181818,Planning
98675,45.86349,-122.33104,27,0,926,7604,32262,375700,9,8,,Planning
98682,45.67296,-122.48327,612,0,17292,63768,32703,318100,7,7,,Planning
98683,45.6027,-122.50984,476,12,16057,31676,40282,367400,5,5,0.025210084033613446,Planning
98684,45.6308,-122.51615,327,17,10499,31805,32559,324200,6,6,0.05198776758409786,Planning
98685,45.71596,-122.69105,488,2,10807,29788,48872,397100,6,5,0.004098360655737705,Planning
98686,45.7239,-122.62305,362,4,7102,20059,37997,381300,7,6,0.011049723756906077,Planning
98801,47.43183,-120.34356,252,36,10190,43799,32671,289200,9,9,0.14285714285714285,Sales
98802,47.49308,-120.16493,168,7,4014,31626,35709,314200,9,8,0.041666666666666664,Planning
98811,47.73425,-120.37379,0,0,0,187,40374,69100,10,10,,Planning
98812,48.13119,-119.80687,7,0,309,5227,17087,167600,9,10,,Planning
98813,48.01107,-119.61063,0,2,309,3012,15918,126500,10,10,inf,Sales
98814,48.21001,-120.22884,6,0,0,739,30531,387200,9,8,,Planning
98815,47.52893,-120.48459,42,0,926,7210,31828,327300,9,8,,Planning
98816,48.0229,-120.34361,109,9,2161,6005,31852,354300,9,8,0.08256880733944955,Sales
98817,47.79049,-119.99588,0,0,0,185,32341,0,10,10,,Planning
98819,48.59797,-119.82327,0,0,0,233,24519,188200,10,10,,Planning
98821,47.55199,-120.56155,0,0,0,1000,39501,0,10,10,,Planning
98822,47.86509,-120.47694,15,2,309,1798,27598,253400,9,9,0.13333333333333333,Sales
98823,47.33853,-119.63536,33,2,926,11740,29102,175500,9,10,0.06060606060606061,Sales
98824,47.06857,-119.86653,0,0,0,582,13442,162500,10,9,,Planning
98826,47.78772,-120.85454,146,29,1544,7624,36720,456100,9,7,0.19863013698630136,Sales
98827,48.86359,-119.76726,0,0,309,421,23293,0,10,10,,Planning
98828,47.30741,-120.1833,17,0,0,2046,33222,284900,9,9,,Planning
98829,48.31103,-119.80822,0,0,0,451,15884,406000,10,9,,Planning
98830,47.88702,-119.52278,1,0,0,492,30376,141000,9,10,,Planning
98831,47.93451,-120.12998,42,7,1235,3529,27145,287600,9,9,0.16666666666666666,Sales
98832,47.34669,-119.02033,2,0,0,230,24583,160200,9,10,,Planning
98833,48.77199,-120.49447,15,2,0,137,29847,0,9,10,0.13333333333333333,Sales
98834,48.11712,-120.08935,2,0,0,234,51131,275000,9,8,,Planning
98836,47.47615,-120.42909,0,0,0,953,22369,443400,10,8,,Planning
98837,47.14809,-119.3163,171,9,6793,43952,27815,208800,9,10,0.05263157894736842,Planning
98840,48.27395,-119.51838,4,0,618,4571,23610,211300,9,10,,Planning
98841,48.37602,-119.29817,11,2,2161,9335,25786,175700,9,10,0.18181818181818182,Sales
98843,47.73688,-120.08618,38,0,309,2185,28956,378700,9,8,,Planning
98844,48.91618,-119.24767,12,4,0,4428,23042,203200,9,10,0.3333333333333333,Sales
98845,47.43039,-119.90923,2,0,0,266,21976,236800,9,10,,Planning
98846,48.03481,-119.97528,5,2,0,1317,28130,234600,9,9,0.4,Sales
98847,47.42236,-120.62152,13,0,0,2295,22831,335000,9,9,,Planning
98848,47.17182,-119.84109,58,4,3088,12427,22460,183800,9,10,0.06896551724137931,Sales
98849,48.54821,-119.40789,5,0,0,1216,21529,253100,9,10,,Planning
98850,47.40048,-120.03459,4,0,0,1688,21074,190500,9,10,,Planning
98851,47.42002,-119.43462,13,2,309,4783,23878,163500,9,10,0.15384615384615385,Sales
98852,48.32169,-120.63881,0,0,0,20,13890,0,10,10,,Planning
98853,47.44655,-119.28061,1,0,0,14,0,0,9,10,,Planning
98855,48.67641,-119.25634,13,2,926,6033,22366,180700,9,10,0.15384615384615385,Sales
98856,48.37065,-120.22762,30,2,618,2612,31228,322600,9,9,0.06666666666666667,Sales
98857,46.98656,-119.03698,2,0,0,3534,20586,142600,9,10,,Planning
98858,47.67938,-119.87974,4,2,309,1838,33029,200200,9,10,0.5,Sales
98859,48.81181,-118.90871,0,0,309,137,35518,120000,10,10,,Planning
98860,47.46899,-119.12391,0,0,0,214,25540,88300,10,10,,Planning
98862,48.58491,-120.22792,37,9,618,2605,38985,425600,9,8,0.24324324324324326,Sales
98901,46.66935,-120.33816,68,19,8028,31425,22108,179900,9,10,0.27941176470588236,Sales
98902,46.59778,-120.53393,103,2,7102,46728,22314,155500,8,7,0.019417475728155338,Planning
98903,46.54807,-120.90226,46,0,3088,15404,27152,183100,9,10,,Planning
98908,46.62345,-120.70582,181,4,4014,37004,34397,262100,9,9,0.022099447513812154,Planning
98921,46.43082,-120.31719,0,0,0,158,0,0,10,10,,Planning
98922,47.25056,-120.8821,133,9,1853,7630,35616,383000,9,8,0.06766917293233082,Sales
98923,46.66608,-120.71723,0,0,309,1017,30373,113600,10,10,,Planning
98925,47.28793,-121.28089,16,0,0,477,56809,340300,9,8,,Planning
98926,46.99054,-120.34902,176,14,4941,34893,30152,301200,9,9,0.07954545454545454,Sales
98929,46.8,-121.1,0,0,0,0,0,0,10,10,,Planning
98930,46.26903,-119.8953,22,0,1544,15263,20032,171800,9,10,,Planning
98932,46.33217,-120.16091,7,0,618,5442,25407,134600,9,10,,Planning
98933,46.4029,-120.63756,0,0,618,1018,29694,162700,10,10,,Planning
98934,46.98067,-120.41941,4,0,309,995,26725,169800,9,9,,Planning
98935,46.13417,-120.06877,1,0,926,4398,15555,124600,9,10,,Planning
98936,46.53597,-120.15391,18,0,0,6981,26586,216100,9,10,,Planning
98937,46.77523,-121.17808,15,2,0,4354,30606,239100,9,9,0.13333333333333333,Sales
98938,46.38842,-120.09662,3,0,309,2178,19567,184400,9,10,,Planning
98939,46.50105,-120.47077,0,0,0,67,10993,0,10,10,,Planning
98940,47.39682,-121.06683,24,0,309,445,76287,278800,9,8,,Planning
98941,47.22464,-121.00021,11,0,1235,608,29649,330600,9,9,,Planning
98942,46.80322,-120.67454,59,0,1544,17454,33574,255300,9,9,,Planning
98943,47.18461,-120.96089,2,0,0,1032,28166,208800,9,9,,Planning
98944,46.49998,-119.66533,40,4,4014,24949,17122,159700,9,10,0.1,Sales
98946,47.06515,-120.76512,4,0,0,454,51675,377600,9,7,,Planning
98947,46.68759,-120.80916,5,0,309,3266,16132,150700,9,10,,Planning
98948,46.23067,-120.37168,8,2,1235,12601,17003,151600,9,10,0.25,Sales
98950,46.84642,-119.9877,1,0,0,33,0,0,9,10,,Planning
98951,46.46046,-120.51551,4,7,2161,13473,19681,148100,9,10,1.75,Sales
98952,46.34991,-120.81561,2,0,0,2125,15764,91100,9,10,,Planning
98953,46.44149,-120.23284,20,4,618,6461,26945,257000,9,9,0.2,Sales
99001,47.63874,-117.58582,19,2,2161,7330,18031,173800,9,9,0.10526315789473684,Sales
99003,47.91997,-117.27608,21,0,2779,4110,35916,310100,9,8,,Planning
99004,47.40869,-117.63575,107,0,3088,21189,29338,253300,9,9,,Planning
99005,47.84405,-117.36346,67,0,2779,9770,39115,348900,9,8,,Planning
99006,47.95208,-117.51016,47,2,4941,13397,27663,256200,9,9,0.0425531914893617,Planning
99008,47.50449,-117.93533,3,0,0,470,41183,122500,9,10,,Planning
99009,48.0253,-117.24993,18,0,1235,4423,27589,237900,9,9,,Planning
99011,47.61867,-117.64839,9,0,3705,3464,20356,0,9,10,,Planning
99012,47.38137,-117.19145,1,0,0,1006,25167,169900,9,10,,Planning
99013,47.88498,-117.83495,2,0,618,1856,18130,176000,9,10,,Planning
99016,47.6217,-117.14623,130,2,5867,15437,39270,314900,8,8,0.015384615384615385,Planning
99017,47.1829,-117.87611,1,0,0,131,16688,64400,9,10,,Planning
99018,47.2917,-117.15212,1,0,309,279,22484,170800,9,10,,Planning
99019,47.64222,-117.07688,114,17,5867,12244,46638,349700,8,7,0.14912280701754385,Sales
99020,47.56314,-117.49702,0,2,0,0,0,0,10,10,inf,Sales
99021,47.84951,-117.18721,42,2,1544,9441,33945,275800,9,9,0.047619047619047616,Planning
99022,47.60084,-117.70869,35,2,926,8718,30534,237400,9,9,0.05714285714285714,Planning
99023,47.56474,-117.14466,4,0,0,641,58028,323700,9,8,,Planning
99025,47.78963,-117.08751,21,0,926,5510,33571,290800,9,9,,Planning
99026,47.80375,-117.625,71,0,4323,8714,35411,285100,9,9,,Planning
99027,47.71107,-117.12795,31,0,926,5985,35744,261100,9,9,,Planning
99029,47.70639,-117.82406,6,0,309,1009,37792,276800,9,9,,Planning
99030,47.47782,-117.11302,5,0,309,905,39130,183800,9,9,,Planning
99031,47.41973,-117.35991,9,0,309,1270,34567,243700,9,9,,Planning
99032,47.32405,-118.04613,1,4,618,698,31766,102000,9,10,4.0,Sales
99033,47.23061,-117.09782,3,0,0,927,28375,152200,9,10,,Planning
99034,47.8862,-117.76245,2,0,0,88,10503,0,9,10,,Planning
99036,47.52005,-117.27197,14,0,309,1794,52427,470600,9,7,,Planning
99037,47.63734,-117.19756,73,2,3088,14589,36519,277700,8,7,0.0273972602739726,Planning
99039,47.33808,-117.23131,0,0,0,135,27156,117600,10,10,,Planning
99040,47.90355,-117.99885,0,0,0,784,20592,119000,10,10,,Planning
99101,48.31889,-117.9483,2,0,1235,1419,33026,224700,9,9,,Planning
99102,46.79218,-117.25029,0,0,0,473,33885,142600,10,9,,Planning
99103,47.73041,-118.93171,0,0,0,489,34962,180800,10,10,,Planning
99105,46.9213,-118.08264,0,0,0,37,25008,67500,10,10,,Planning
99109,48.29787,-117.69852,11,0,309,4948,29340,215000,9,10,,Planning
99110,48.0083,-117.58112,1,0,0,1724,24536,306900,9,9,,Planning
99111,46.86281,-117.44132,11,0,0,4202,29821,173000,9,10,,Planning
99113,46.58628,-117.1935,0,0,0,600,31593,226500,10,9,,Planning
99114,48.66067,-117.74333,37,7,3088,12866,27422,218600,9,10,0.1891891891891892,Sales
99115,47.67326,-119.38965,7,2,309,1298,22931,140800,9,10,0.2857142857142857,Sales
99116,48.01429,-118.93063,2,0,309,1672,35130,153300,9,10,,Planning
99117,47.72818,-118.50108,0,0,0,530,35724,156700,10,10,,Planning
99118,48.89746,-118.63797,7,0,618,794,25370,271200,9,9,,Planning
99119,48.50946,-117.29994,3,0,1235,1294,30815,221100,9,10,,Planning
99121,48.94382,-118.45568,1,0,0,327,30447,362500,9,8,,Planning
99122,47.67615,-118.21774,7,2,0,4338,27717,201700,9,10,0.2857142857142857,Sales
99123,47.89738,-119.04017,3,0,0,992,27876,199300,9,10,,Planning
99124,48.00284,-118.95243,0,0,0,277,25990,137500,10,10,,Planning
99125,46.95223,-117.78556,3,0,0,603,24907,110400,9,10,,Planning
99126,48.73574,-117.97447,5,0,309,1019,15677,128900,9,10,,Planning
99128,47.10045,-117.08523,0,0,0,371,41300,265700,10,9,,Planning
99129,48.00281,-118.18342,2,0,0,671,19336,124100,9,10,,Planning
99130,46.99917,-117.18556,2,0,309,855,24792,166600,9,10,,Planning
99131,48.29511,-118.11731,1,0,309,218,37053,236700,9,9,,Planning
99133,48.0067,-119.10613,5,0,0,1674,25733,139200,9,10,,Planning
99134,47.43793,-118.32347,3,0,0,531,26014,138800,9,10,,Planning
99135,47.65658,-119.09608,1,0,0,374,27265,0,9,10,,Planning
99136,46.6747,-117.94889,0,0,0,20,21205,120000,10,10,,Planning
99137,48.1659,-118.09992,1,0,0,357,24796,177500,9,10,,Planning
99138,48.23093,-118.38876,2,0,0,1084,22371,149300,9,10,,Planning
99139,48.73161,-117.31371,0,0,309,1339,35556,248800,10,9,,Planning
99140,48.135,-118.68722,0,0,0,489,23880,158000,10,10,,Planning
99141,48.72571,-118.17509,18,0,618,5898,30232,178500,9,10,,Planning
99143,46.74627,-117.85869,0,0,0,668,24676,114500,10,10,,Planning
99144,47.3681,-118.49041,0,0,0,16,23069,0,10,10,,Planning
99146,48.95766,-118.29768,0,0,0,25,25368,0,10,10,,Planning
99147,47.83604,-118.43675,1,0,309,159,44209,360300,9,7,,Planning
99148,48.10874,-117.57514,9,0,0,2057,37757,271300,9,9,,Planning
99149,47.225,-117.46794,0,0,0,223,19804,67500,10,10,,Planning
99150,48.80622,-118.61071,0,0,0,310,19704,218900,10,10,,Planning
99151,48.66443,-118.06125,0,0,0,176,17873,133100,10,10,,Planning
99152,48.85066,-117.39748,0,0,0,122,33384,155000,10,10,,Planning
99153,48.90951,-117.25229,0,0,309,422,33692,160400,10,10,,Planning
99154,47.39132,-118.35576,0,0,0,37,43268,168800,10,9,,Planning
99155,48.27737,-118.9618,0,0,0,1231,19708,109400,10,10,,Planning
99156,48.16211,-117.18826,24,2,4323,8755,29663,255400,9,9,0.08333333333333333,Sales
99157,48.93007,-117.81753,0,0,309,589,22538,151300,10,10,,Planning
99158,47.13305,-117.24008,0,0,0,585,29827,143100,10,10,,Planning
99159,47.32872,-118.74338,1,0,309,1403,29910,120300,9,10,,Planning
99160,48.86895,-118.30122,0,0,0,113,16795,153100,10,10,,Planning
99161,46.89496,-117.13169,9,0,309,1278,39605,211200,9,9,,Planning
99163,46.72798,-117.21654,136,12,5558,36052,22345,287600,9,9,0.08823529411764706,Sales
99164,46.7309298661361,-117.152524785895,0,4,0,0,0,0,10,10,inf,Sales
99166,48.61033,-118.6715,10,0,1235,3022,29874,170300,9,10,,Planning
99167,48.41307,-118.11733,4,0,309,710,33106,232100,9,9,,Planning
99169,47.11875,-118.37424,9,7,309,2663,28446,138400,9,10,0.7777777777777778,Sales
99170,47.25132,-117.40203,4,4,309,1022,26657,135100,9,10,1.0,Sales
99171,47.10485,-117.6495,1,0,309,1018,27774,172500,9,10,,Planning
99173,48.03702,-117.85708,3,0,0,1577,18638,168700,9,10,,Planning
99174,47.00719,-117.35682,0,0,0,48,26096,102500,10,10,,Planning
99176,47.09221,-117.41224,0,0,309,150,40314,209000,10,9,,Planning
99179,46.49239,-117.10762,0,0,0,458,40047,266700,10,9,,Planning
99180,48.30925,-117.30663,2,0,0,1065,28846,242100,9,9,,Planning
99181,48.1456,-117.76526,6,0,309,1788,28160,182300,9,10,,Planning
99185,47.74014,-118.71697,4,0,309,1299,34544,184600,9,10,,Planning
99201,47.66271,-117.43609,77,31,2779,13256,29079,162400,7,7,0.4025974025974026,Sales
99202,47.65709,-117.37854,76,12,5249,21488,23019,166300,8,8,0.15789473684210525,Sales
99203,47.62945,-117.40291,239,0,8028,21359,47737,303900,6,5,,Planning
99204,47.64726,-117.42665,46,2,2161,7010,30756,254600,6,6,0.043478260869565216,Planning
99205,47.69657,-117.44609,134,4,5867,43707,27798,177200,8,7,0.029850746268656716,Planning
99206,47.62755,-117.25448,135,2,12351,40510,30547,250700,8,8,0.014814814814814815,Planning
99207,47.68941,-117.38911,62,2,4323,31020,21140,142700,8,7,0.03225806451612903,Planning
99208,47.78071,-117.46135,307,7,16057,55092,34547,269600,8,8,0.02280130293159609,Planning
99212,47.66504,-117.30914,158,4,5558,21191,31615,196500,8,8,0.02531645569620253,Planning
99216,47.68142,-117.20826,81,12,4941,26166,27658,220900,8,9,0.14814814814814814,Sales
99217,47.7406,-117.26241,77,4,2779,18073,32018,208400,9,9,0.05194805194805195,Planning
99218,47.75894,-117.4087,65,7,4632,17417,29938,292100,8,7,0.1076923076923077,Sales
99223,47.58876,-117.334,272,0,10499,32750,45003,309800,8,7,,Planning
99224,47.64729,-117.53552,193,56,6176,22172,39917,280300,9,9,0.29015544041450775,Sales
99301,46.39184,-118.93509,337,17,42304,81583,26959,229800,9,9,0.050445103857566766,Planning
99320,46.32706,-119.52483,42,2,2779,9696,28087,215900,9,10,0.047619047619047616,Planning
99321,46.86576,-119.88925,0,0,0,488,3692,0,10,10,,Planning
99322,45.93176,-120.14083,0,0,0,448,46165,0,10,10,,Planning
99323,46.18677,-118.85061,10,0,0,4192,29997,243500,9,9,,Planning
99324,46.04376,-118.38542,38,2,4014,9739,30080,216000,8,7,0.05263157894736842,Planning
99326,46.66705,-118.83769,5,2,309,6666,16981,163800,9,10,0.4,Sales
99328,46.26937,-117.87956,13,7,0,3718,39441,202700,9,9,0.5384615384615384,Sales
99329,46.13943,-118.14732,0,0,0,95,20556,125000,10,10,,Planning
99330,46.49447,-119.03021,3,0,926,1157,20105,224600,9,10,,Planning
99333,46.68112,-118.15262,0,0,0,69,45645,510400,10,7,,Planning
99335,46.65544,-118.47686,0,0,0,205,23631,102100,10,10,,Planning
99336,46.21302,-119.17954,157,7,8955,52259,25696,202800,8,8,0.044585987261146494,Planning
99337,46.06235,-119.09127,170,2,6176,32080,32752,246400,9,9,0.011764705882352941,Planning
99338,46.17362,-119.27403,219,7,4632,18473,48844,357000,9,8,0.0319634703196347,Planning
99341,46.90663,-118.64224,2,0,0,687,23961,89200,9,10,,Planning
99343,46.59188,-119.17065,5,0,0,3037,19961,210700,9,10,,Planning
99344,46.82223,-119.17221,32,0,1544,18400,19605,169500,9,10,,Planning
99345,45.93623,-119.65919,0,0,0,180,38665,321200,10,8,,Planning
99346,46.02685,-119.306,0,0,0,443,24142,190900,10,10,,Planning
99347,46.42531,-117.57128,4,0,0,2304,28301,155400,9,10,,Planning
99348,46.38681,-118.44731,1,0,309,1538,28400,150500,9,10,,Planning
99349,46.73078,-119.6996,14,0,926,9184,20290,231500,9,10,,Planning
99350,46.14477,-119.70944,33,4,1853,14208,27260,208500,9,10,0.12121212121212122,Sales
99352,46.24199,-119.29067,379,17,6176,32246,44075,315400,7,7,0.044854881266490766,Planning
99353,46.31747,-119.37942,138,0,3397,16376,38196,299300,8,8,,Planning
99354,46.33153,-119.30106,190,104,4632,23891,35166,247700,8,8,0.5473684210526316,Sales
99356,45.83459,-120.36258,1,0,0,165,24678,67100,9,10,,Planning
99357,46.89295,-119.67902,12,0,618,4438,18625,168500,9,10,,Planning
99359,46.53325,-118.15697,0,0,309,168,32505,118800,10,10,,Planning
99360,46.09044,-118.66745,4,0,0,1569,32068,301900,9,9,,Planning
99361,46.23691,-118.14333,9,2,618,1795,36038,233200,9,9,0.2222222222222222,Sales
99362,46.08727,-118.31269,239,36,10190,41779,30221,254400,9,9,0.1506276150627615,Sales
99363,46.04821,-118.89575,0,0,309,157,13719,137500,10,10,,Planning
99371,46.79144,-118.30614,0,0,309,327,24669,80000,10,10,,Planning
99401,46.09041,-117.27336,0,0,0,376,24091,268000,10,10,,Planning
99402,46.1868,-117.14922,8,0,0,1597,34638,243300,9,9,,Planning
99403,46.38114,-117.25974,37,2,2470,20707,30220,207300,9,10,0.05405405405405406,Planning
